id;started_at;ended_at;submitted;score
1;2023-12-20T12:38:34;2023-12-20T22:44:44;true;2560
2;2023-12-20T13:23:06;2023-12-21T05:13:09;false;32592
3;2023-12-20T14:54:56;2023-12-20T23:51:16;true;12259
4;2023-12-21T11:46:22;2023-12-21T06:50:18;false;3146
5;2023-12-21T07:28:52;2023-12-21T07:06:21;false;21333
6;2023-12-21T10:13:29;2023-12-21T08:37:56;true;21187
7;2023-12-21T05:01:41;2023-12-20T20:23:08;false;16098
8;2023-12-20T16:36:36;2023-12-21T03:41:50;true;16252
9;2023-12-20T22:43:21;2023-12-20T19:31:41;false;30046
10;2023-12-20T19:47:36;2023-12-21T09:12:06;true;16770
11;2023-12-21T07:24:59;2023-12-21T02:20:19;false;10128
12;2023-12-21T05:26:23;2023-12-20T21:11:48;false;31580
13;2023-12-21T07:01:09;2023-12-21T12:09:51;false;22989
14;2023-12-20T12:35:44;2023-12-20T14:13:01;true;1333
15;2023-12-20T15:16:32;2023-12-21T03:50:48;false;6714
16;2023-12-21T07:44:13;2023-12-20T12:57:02;true;6378
17;2023-12-21T03:15:42;2023-12-20T23:01:50;false;21923
18;2023-12-20T20:44:57;2023-12-20T19:57:25;false;22603
19;2023-12-21T03:53:33;2023-12-21T07:33:11;true;2176
20;2023-12-20T18:44:44;2023-12-20T14:07:39;true;5386
21;2023-12-20T17:51:58;2023-12-20T23:00:38;true;8965
22;2023-12-20T18:55:51;2023-12-21T01:47:06;true;4130
23;2023-12-20T15:47:17;2023-12-21T00:56:33;true;31638
24;2023-12-21T11:03:28;2023-12-20T16:51:36;true;16992
25;2023-12-21T01:58:36;2023-12-20T22:00:30;true;14589
26;2023-12-20T23:26:14;2023-12-21T09:34:45;true;14734
27;2023-12-20T15:43:54;2023-12-21T09:11:42;true;5371
28;2023-12-20T14:00:06;2023-12-21T10:46:11;false;12750
29;2023-12-21T04:59:28;2023-12-21T04:50:10;false;28208
30;2023-12-21T03:32:40;2023-12-20T19:42:53;true;8283
