id;event_type;timestamp
1;positively hm;2023-12-20T19:08:20
2;intent frenetically;2023-12-20T16:08:55
3;anti;2023-12-21T10:32:55
4;timely severe;2023-12-20T22:51:53
5;yum undergo;2023-12-21T10:13:12
6;fax;2023-12-21T10:55:39
7;ugh mount yet;2023-12-20T16:50:45
8;stranger overstay;2023-12-21T11:38:30
9;babushka which out;2023-12-20T16:30:09
10;uncommon before astride;2023-12-21T02:58:14
11;before unzip;2023-12-20T20:13:56
12;disposer lamp;2023-12-21T02:27:18
13;mask haunting sham;2023-12-20T13:25:49
14;duffel;2023-12-21T06:31:20
15;uselessly excepting passport;2023-12-20T22:12:23
16;birth alongside;2023-12-20T14:52:13
17;calmly jet;2023-12-21T10:56:07
18;following plait;2023-12-20T22:31:00
19;lazily;2023-12-20T15:36:59
20;as minor psst;2023-12-20T16:50:29
21;spiffy lest until;2023-12-20T14:44:44
22;round;2023-12-21T05:50:42
23;abaft of in;2023-12-20T14:42:37
24;like accentuate;2023-12-21T07:58:33
25;regarding rapid;2023-12-20T16:05:31
26;oh;2023-12-20T23:19:54
27;bah mmm bah;2023-12-21T09:27:25
28;through versus attraction;2023-12-21T01:54:12
29;sardonic small serenade;2023-12-20T19:14:44
30;delightfully justly;2023-12-20T21:08:04
