id;text;order_index
1;bathhouse pish yuck;14877
2;treble masquerade whenever;1492
3;evenly;27037
4;by;27467
5;fisherman whether;23169
6;heartbeat better;19553
7;where never yahoo;28572
8;metal vet;28653
9;regulate;22127
10;dimly sentimental homely;19142
11;impanel meanwhile mooch;24040
12;aha specific cutover;17855
13;fiercely oh phew;29199
14;bewail jell;28743
15;hyphenation wisely charlatan;30351
16;dearly worthless fishery;22114
17;ah;3626
18;mmm huzzah;22458
19;ack;9990
20;down;4467
21;roughly gosh;29801
22;passport;26782
23;brr weary;1631
24;empty;15668
25;nocturnal indeed;21619
26;gadzooks;22772
27;hopelessly vice;1058
28;timely stable yowza;3921
29;cheap once;5718
30;woot swiftly psst;18034
