id;text;correct_option_index
1;generally tomorrow;24575
2;ack crossly;27172
3;strong goose paltry;22218
4;truthfully;11590
5;dislocate about;24660
6;whine;5024
7;hence;17619
8;anenst;1520
9;singe;18960
10;spotless forenenst mechanic;1890
11;gadzooks colonialism;11116
12;hastily unethically meh;22386
13;oof sauerkraut syringe;29840
14;forage injunction;16249
15;brightly;2061
16;yum profane;32105
17;fooey openly;2253
18;whereas if;5338
19;hospitalization;27973
20;scrutinise yahoo embossing;31881
21;oddball;28838
22;up;20129
23;nor slather;8892
24;ironclad atop;12744
25;term cafe boohoo;26737
26;victoriously however;8137
27;less oof upon;25453
28;worldly attest;23982
29;courteous boggle furthermore;14653
30;suspiciously scaly disgorge;15875
